--
-- PostgreSQL database dump
--

SET statement_timeout = 0;
SET lock_timeout = 0;
SET client_encoding = 'UTF8';
SET standard_conforming_strings = on;
SET check_function_bodies = false;
SET client_min_messages = warning;

--
-- Name: plpgsql; Type: EXTENSION; Schema: -; Owner: 
--

CREATE EXTENSION IF NOT EXISTS plpgsql WITH SCHEMA pg_catalog;


--
-- Name: EXTENSION plpgsql; Type: COMMENT; Schema: -; Owner: 
--

COMMENT ON EXTENSION plpgsql IS 'PL/pgSQL procedural language';


SET search_path = public, pg_catalog;

--
-- Name: deliverynote_seq; Type: SEQUENCE; Schema: public; Owner: postgres
--

CREATE SEQUENCE deliverynote_seq
    START WITH 45
    INCREMENT BY 1
    NO MINVALUE
    NO MAXVALUE
    CACHE 1;


ALTER TABLE public.deliverynote_seq OWNER TO postgres;

--
-- Name: invoiced_seq; Type: SEQUENCE; Schema: public; Owner: postgres
--

CREATE SEQUENCE invoiced_seq
    START WITH 1
    INCREMENT BY 1
    NO MINVALUE
    NO MAXVALUE
    CACHE 1;


ALTER TABLE public.invoiced_seq OWNER TO postgres;

SET default_tablespace = '';

SET default_with_oids = false;

--
-- Name: invoice; Type: TABLE; Schema: public; Owner: postgres; Tablespace: 
--

CREATE TABLE invoice (
    invoiceid integer DEFAULT nextval('invoiced_seq'::regclass) NOT NULL,
    nomorinvoice character varying(6) NOT NULL,
    duedate date,
    outletcode character varying(20),
    subtotal numeric(19,4),
    ppn double precision,
    total numeric(19,4),
    issueddate date,
    isppn boolean,
    nomorpo character varying(10),
    periode character varying(7),
    pengguna character varying(10),
    idpayment character varying(15),
    ispayed boolean
);


ALTER TABLE public.invoice OWNER TO postgres;

--
-- Name: invoicedetail; Type: TABLE; Schema: public; Owner: postgres; Tablespace: 
--

CREATE TABLE invoicedetail (
    invoiceid integer NOT NULL,
    itemcode character varying(15) NOT NULL,
    itemqty integer,
    discount real,
    itemprice numeric(19,4),
    subtotal numeric(19,4)
);


ALTER TABLE public.invoicedetail OWNER TO postgres;

--
-- Name: invoicedetail_seq; Type: SEQUENCE; Schema: public; Owner: postgres
--

CREATE SEQUENCE invoicedetail_seq
    START WITH 1
    INCREMENT BY 1
    NO MINVALUE
    NO MAXVALUE
    CACHE 1;


ALTER TABLE public.invoicedetail_seq OWNER TO postgres;

--
-- Name: outlet; Type: TABLE; Schema: public; Owner: postgres; Tablespace: 
--

CREATE TABLE outlet (
    outlcode character varying(10) NOT NULL,
    outlname character varying(100),
    outladdress character varying(200),
    outlslsm character varying(10),
    outlroute character varying(5),
    outlstat boolean,
    isppn boolean
);


ALTER TABLE public.outlet OWNER TO postgres;

--
-- Name: product; Type: TABLE; Schema: public; Owner: postgres; Tablespace: 
--

CREATE TABLE product (
    itemcode character varying(10) NOT NULL,
    itemname character varying(50),
    itemsort character(5),
    brand character varying(20),
    jenis character varying(30),
    category character varying(25),
    subcategory character varying(50),
    price numeric(19,4),
    stat boolean
);


ALTER TABLE public.product OWNER TO postgres;

--
-- Name: salesman; Type: TABLE; Schema: public; Owner: postgres; Tablespace: 
--

CREATE TABLE salesman (
    slsmcode character varying(15) NOT NULL,
    slsmidnumber character varying(20) NOT NULL,
    slsmname character varying(50),
    slsmaddress character varying(100),
    slsmtelp character varying(20),
    slsmsupv character varying(15),
    slsmphoto character varying(200),
    stat boolean
);


ALTER TABLE public.salesman OWNER TO postgres;

--
-- Name: users; Type: TABLE; Schema: public; Owner: postgres; Tablespace: 
--

CREATE TABLE users (
    userid character varying(20) NOT NULL,
    username character varying(50) NOT NULL,
    password character varying(50),
    authlevel character varying(10),
    joineddate date NOT NULL
);


ALTER TABLE public.users OWNER TO postgres;

--
-- Name: deliverynote_seq; Type: SEQUENCE SET; Schema: public; Owner: postgres
--

SELECT pg_catalog.setval('deliverynote_seq', 45, false);


--
-- Data for Name: invoice; Type: TABLE DATA; Schema: public; Owner: postgres
--

COPY invoice (invoiceid, nomorinvoice, duedate, outletcode, subtotal, ppn, total, issueddate, isppn, nomorpo, periode, pengguna, idpayment, ispayed) FROM stdin;
73	0133	2018-02-28	713290302	2239640.0000	223964	2463604.0000	2018-01-30	t	\N	201801	admin	\N	f
72	0132	2018-02-14	713290301	31084976.0000	3108497.5	34193473.6000	2018-01-29	t	\N	201801	admin	\N	f
75	0135	2018-02-28	713290303	15828120.0000	1582812	17410932.0000	2018-01-31	t	\N	201801	admin	\N	f
76	0136	2018-02-28	713290300	7925127.0000	792512.6875	8717639.7000	2018-01-31	t	\N	201801	admin	\N	f
78	0138	0001-01-01	713290367	4513028.0000	451302.8125	4964330.8000	2018-01-31	t	\N	201801	admin	\N	f
79	0139	2018-02-28	713290320	3607875.0000	0	3607875.0000	2018-01-31	f	\N	201801	admin	\N	f
77	0137	2018-02-14	713290299	14492844.0000	1449284.375	15942128.4000	2018-01-31	t	\N	201801	admin	\N	f
80	0234	2018-02-28	713290367	4491552.0000	449155.1875	4940707.2000	2018-02-14	t	\N	201802	admin	\N	f
81	0235	2018-02-28	713290299	11664972.0000	1166497.25	12831469.2000	2018-02-14	t	\N	201802	admin	\N	f
82	0236	2018-02-21	201802	8650500.0000	0	8650500.0000	0001-01-01	f	\N	201802	admin	\N	f
83	0237	2018-02-28	713290301	24700468.0000	2470046.75	27170514.8000	2018-02-14	t	\N	201802	admin	\N	f
69	0009	2018-02-19	201803	5254470.0000	525447	5779917.0000	2018-01-19	t	\N	201801	admin	\N	f
84	0269	2018-02-28	201803	8673600.0000	867360	9540960.0000	2018-02-16	t	\N	201802	admin	\N	f
85	0270	2018-03-09	201802	10200000.0000	0	10200000.0000	2018-02-23	f	\N	201802	admin	\N	f
65	0012	2018-01-31	713290301	18095064.0000	1809506.375	19904570.4000	2018-01-12	t	\N	201801	admin	\N	f
87	0342	2018-03-31	713290301	18788432.0000	1878843.25	20667275.2000	2018-02-28	t	\N	201802	admin	\N	f
88	0343	2018-03-31	713290303	12511800.0000	1251180	13762980.0000	2018-02-28	t	\N	201802	admin	\N	f
86	0341	2018-03-31	713290300	8946833.0000	894683.3125	9841516.3000	2018-02-28	t	\N	201802	admin	\N	f
66	0053	2018-01-31	713290299	11272212.0000	1127221.25	12399433.2000	2018-01-13	t	\N	201801	ADMIN	\N	f
67	0054	2018-01-31	713290367	4565184.0000	456518.40625	5021702.4000	2018-01-14	t	\N	201801	ADMIN	\N	f
68	0055	2018-01-26	201802	5931000.0000	0	5931000.0000	2018-01-12	f	\N	201801	admin	\N	t
64	0011	2018-01-25	201801	118125.0000	0	118125.0000	2018-01-11	f	\N	201801	admin	\N	f
89	0344	2018-03-04	713290298	12825000.0000	0	12825000.0000	2018-02-28	f	\N	201802	admin	\N	f
90	0345	2018-03-14	713290299	20350800.0000	0	20350800.0000	2018-02-28	f	\N	201802	admin	\N	f
91	0346	2018-03-14	713290367	4613625.0000	0	4613625.0000	2018-03-06	f	\N	201802	admin	\N	f
63	0010	2018-01-12	201802	2668500.0000	0	2668500.0000	2018-01-05	f	\N	0118	admin	\N	t
70	0103	2018-01-26	201802	5536125.0000	0	5536125.0000	2018-01-19	f	\N	201801	admin	\N	t
93	0348	2018-03-06	201805	1181250.0000	0	1181250.0000	2018-02-27	f	\N	201802	admin	\N	f
92	0347	2018-03-14	201802	4466250.0000	0	4466250.0000	2018-03-06	f	\N	201802	admin	\N	f
94	0349	2018-03-14	201805	29380500.0000	0	29380500.0000	2018-02-27	f	\N	201802	admin	\N	f
74	0134	2018-02-02	201802	6811875.0000	0	6811875.0000	2018-01-26	f	\N	201801	admin	\N	f
71	0104	2018-01-31	201804	1152000.0000	0	1152000.0000	2018-01-20	f	\N	201801	admin	\N	f
\.


--
-- Name: invoiced_seq; Type: SEQUENCE SET; Schema: public; Owner: postgres
--

SELECT pg_catalog.setval('invoiced_seq', 94, true);


--
-- Data for Name: invoicedetail; Type: TABLE DATA; Schema: public; Owner: postgres
--

COPY invoicedetail (invoiceid, itemcode, itemqty, discount, itemprice, subtotal) FROM stdin;
73	FG101024	730	0	3068.0000	2239640.0000
64	FG201003	35	0	3375.0000	118125.0000
72	FG101024	10132	0	3068.0000	31084976.0000
75	FG101024	4568	0	3465.0000	15828120.0000
66	FG201003	3444	0	3273.0000	11272212.0000
76	FG201001	1449	0	4091.0000	5927859.0000
67	FG201003	1488	0	3068.0000	4565184.0000
76	FG203001	651	0	3068.0000	1997268.0000
78	FG101024	1471	0	3068.0000	4513028.0000
89	FG101026	1900	0	3375.0000	6412500.0000
79	FG101024	1069	0	3375.0000	3607875.0000
89	FG203008	1900	0	3375.0000	6412500.0000
90	FG101024	5653	0	3600.0000	20350800.0000
91	FG101024	1367	0	3375.0000	4613625.0000
77	FG101024	4428	0	3273.0000	14492844.0000
0	FG201003	55	0	3000.0000	165000.0000
80	FG101024	1464	0	3068.0000	4491552.0000
81	FG101024	3564	0	3273.0000	11664972.0000
82	FG207002	17	0	7500.0000	127500.0000
82	FG201001	1384	0	4500.0000	6228000.0000
82	FG101024	765	0	3000.0000	2295000.0000
83	FG101024	8051	0	3068.0000	24700468.0000
65	FG201003	5898	0	3068.0000	18095064.0000
69	FG101024	516	0	3120.0000	1609920.0000
63	FG201001	593	25	6000.0000	2668500.0000
69	FG201001	541	0	4680.0000	2531880.0000
70	FG201001	1189	0	4500.0000	5350500.0000
93	FG201007	105	0	4875.0000	511875.0000
70	FG201003	55	0	3375.0000	185625.0000
69	FG203001	317	0	3510.0000	1112670.0000
74	FG201001	955	0	4500.0000	4297500.0000
74	FG101024	745	0	3375.0000	2514375.0000
93	FG203008	105	0	3375.0000	354375.0000
71	FG101007	20	0	14400.0000	288000.0000
71	FG101001	40	0	9600.0000	384000.0000
93	FG801002	105	0	3000.0000	315000.0000
71	FG101013	40	0	12000.0000	480000.0000
92	FG201002	955	0	4500.0000	4297500.0000
92	FG101024	50	0	3375.0000	168750.0000
94	FG201007	3098	0	4875.0000	15102750.0000
94	FG203008	2150	0	3375.0000	7256250.0000
94	FG801002	2150	0	3000.0000	6450000.0000
94	FG201002	127	0	4500.0000	571500.0000
84	FG201001	1020	0	4680.0000	4773600.0000
84	FG203001	520	0	3510.0000	1825200.0000
84	FG101024	665	0	3120.0000	2074800.0000
85	FG201001	1800	0	4500.0000	8100000.0000
85	FG204001	700	0	3000.0000	2100000.0000
0	FG201001	1635	0	4091.0000	6688785.0000
0	FG203001	736	0	3068.0000	2258048.0000
0	FG101024	6124	0	3068.0000	18788432.0000
87	FG101024	6124	0	3068.0000	18788432.0000
88	FG101024	3972	0	3150.0000	12511800.0000
86	FG201001	1635	0	4091.0000	6688785.0000
86	FG203001	736	0	3068.0000	2258048.0000
68	FG201001	818	0	4500.0000	3681000.0000
68	FG201003	750	0	3000.0000	2250000.0000
\.


--
-- Name: invoicedetail_seq; Type: SEQUENCE SET; Schema: public; Owner: postgres
--

SELECT pg_catalog.setval('invoicedetail_seq', 33, true);


--
-- Data for Name: outlet; Type: TABLE DATA; Schema: public; Owner: postgres
--

COPY outlet (outlcode, outlname, outladdress, outlslsm, outlroute, outlstat, isppn) FROM stdin;
201802	CATERING ALYA	JL. ANTELOP RAYA, CIKARANG BARU	71329900	F02	t	f
201804	AYOLA HOTEL	JL. SRIWIJAYA KAV. NO. 19, LIPPO CIKARANG, CIKARANG SELATAN, CIBATU, CIKARANG SEL., BEKASI, JAWA BARAT 19550	71329900	F22	t	f
201803	PT CHIYODA KOGYO INDONESIA	Kawasan Industri Jababeka II, SFB Blok JJ No.18, CIkarang, Pasirsari, Cikarang Selatan	71329900	F22	t	t
201805	PT. Indonesia Chemi-Con	Kawasan Ejip Plot 4C, Desa Sukaresmi, Kec. Cikarang Selatan, Sukaresmi, Cikarang Sel., Bekasi, Jawa Barat 17530	71329900	F02	t	f
201801	PT. SARANA MEDITAMA ANUGERAH	Komp. The Oasis Kav No.1 Jl. Raya Cikarang Cibarusah Selatan	71329900	F01	t	f
713290366	BAZAR	JL. VILLA MUTIARA BLOK H 18 NO. 2 CIKARANG SELATAN	71329900	F01	t	f
713290381	CATERING RMA	KAWASAN EJIP JALAN NO. 1	71329900	F01	t	f
713290360	 Kop.Mulia Industry depan	jl. raya tegal gede  NO.15 lemahabang 17550\r\n\ncikarang - bekasi	71329900	F31	t	f
713290361	Kop. mulia industry MGF	Jl. Raya Tegal Gede NO.14 ,Mulia Industry Complex, Lemah Abang, Cikarang, Jawa Barat 17550	71329900	F31	t	f
713290362	Kop. Mulia Industry MKIR	Jl. Raya Tegal Gede,Mulia NO.15 Lemah Abang, Cikarang, Jawa Barat 17550	71329900	F31	t	f
713290104	KANTIN RS HOSANA MEDIKA	JL UTAMA B II E NO. 1 KAWASAN HYUNDAI	71329900	F21	f	f
713290363	Kop. Mulia Industry MGC	Jl. Raya Tegal Gede NO.13,Mulia Industry Complex, Lemah Abang, Cikarang, Jawa Barat 17550	71329900	F31	t	f
713290369	PT. AKZO NOBEL	JL. JABABEKA RAYA Blok E 9 - 11 NO. 11 CIKARANG INDUSTRIAL ESTATE, CIKARANG UTARA, BEKASI, Jawa Barat 17530	71329900	F31	f	f
713290370	PT. ARROHA	JL. DELTAMAS BOULEVARD NO.8 BLOK L 2, SUKARESMI, CIKARANG SELATAN, BEKASI	71329900	F31	f	f
713290375	PT YAMANI SPRING INDONESIA	EJIP INDUSTRIAL PARK PLOT NO. 8C/A1-A2, JL. CIUJUNG, DESA SUKARESMI, CIKARANG SELATAN	71329900	F01	f	f
713290017	PT CALPIS ( AJINOMOTO )	JL CISOKAN IV FLOT NO. 7C KAWASAN INDUSTRI EJIP\r\n\nCIKARANG SELATAN	71329900	F01	f	f
713290002	RESTU CAHYA	JLN PERUM MUTIARA RT 08 RW 05 NO. 19	71329900	F01	f	f
713290051	CATTERING CV. SUMI	JL KP. KUKUN DS.CIANTRA NO. 12  RT. 12 /06 CIKARANG SELATAN  DEKAT TUKANG MIAYAM	71329900	F31	f	f
713290082	PT MITSUBISHI	Kawasan Bekasi International Industrial Estate, Jl. Raya Inti Blok C11 No. 1, Lemah Abang, Cikarang Selatan, Bekasi,  17550	71329900	F21	f	f
713290089	TOKO MANDALA SENTOSA MAD	JLN.PERUM TAMAN SENTOSA BLOK M10 NO. 17\r\n\nCIKARANG SELATAN	71329900	F01	f	f
713290179	KOP LG INNOTEK	JALAN INTI I BLOK C1 NO. 3, CIKARANG SELATAN, BEKASI, 17530	71329900	F21	f	f
713290182	HONDA LOGISTIK	JL. kawasan deltamas blok k no 7-10 ,SUKAMAHI CIKARANG PUSAT	71329900	F01	f	f
713290320	PT. SHOWA AUTOPARTS INDONESIA	Kawasan Industri Terpadu Indonesia China, Kavling No. 43. Desa Nagasari, Kec. Serang Baru, Kab. Bekasi 17330	71329900	F21	t	f
713290386	RAINI SNACK	JL. TOL JAKARTA-CIKAMPEK REST AREA NO. 19	71329900	F21	t	f
713290387	TOKO NESCAFE	JL. TOL JAKARTA-CIKAMPEK REST AREA KM NO. 19	71329900	F21	f	f
713290388	TOKO COFFE ODEL	JL. TOL JAKARTA-CIKAMPEK REST AREA NO. 19	71329900	F21	f	f
713290385	KANTIN PEMKAB BEKASI DISDIK	JL. KOMPLEK PEMDA KABUPATEN BEKASI NO. 2 GEDUNG A2	71329900	F21	f	f
713290389	KANTIN PT.MITSUBISHI	KAWASAN GIIC JL. UTAMA NO. 1 CIKARANG PUSAT 17330	71329900	F21	f	f
713290298	KIRANA YPMI	JLN. MH. THAMRIN LIPPO CIKARANG RUKO UNION BLOK B 12 NO 15	71329900	F01	t	f
713290304	PAMERAN	JALAN VILLA MUTIARA H12 NO. 2 CIKARANG SELATAN	71329900	F01	f	f
713290325	KATERING SURYA / RAHAYU	 JLN.PERUM VILLA MUTIARA KP KUKUN DS CIANTRA RT 11 / 06 NO. 112\r\n\nCIKARANG SELATAN	71329900	F01	f	f
713290346	SAKURA 2	JL CITANDUY RAYA KAWASAN EJIP PLOT NO. 7H 2-3, CIKARANG SELATAN	71329900	F01	f	f
713290347	SAKURA 3	JALAN MERANTI 1 BLOK L2 NO. 7 DELTA SILIKON 1	71329900	F01	f	f
713290348	RS ADAM THOLIB / JASEN	JL TEUKU UMAR NO. 25\r\n\nCIKARANG BARAT	71329900	F01	f	f
713290349	PT.NIPPO	Jl. Inti II Blok C4 No.6-7 KAWASAN B11E (HYUNDAI), Cikarang Sel., Bekasi, Jawa Barat 17530	71329900	F22	f	f
713290352	KOP PT HI-LEX	JL TREMBESSI 1 BLOK F16 NO. 1\r\n\nDELTA CILICON 1 DS CICAU , CIKARANG PUSAT	71329900	F21	f	f
713290368	PT. DAIHO	Jl. Industri Kawasan GIIC blok AB No.5         \r\n\n Kota Deltamas nagasari        \r\n\n Serang baru Cikarang	71329900	F01	t	f
713290299	PT. KIRANA WEST JAVA	JL. M.H THAMRIN LIPPO CIKARANG RUKO UNION BLOK B 12 NO. 15	71329900	F01	t	f
713290301	PT. AISIN INDONESIA	JL. CITANDUY RAYA BLOK PLAT 6 NO. 5, SUKARESMI, CIKARANG SEL., BEKASI, JAWA BARAT 17530 KAWASAN EJIP KAV 5 J	71329900	F01	t	t
713290303	PT. HI TECH INK INDONESIA	JL. AKASIA 2 KAWASAN DELTA SILIKON 1 BLOK NO. 8A - 2 SUKARESMI, CIKARANG SELATAN	71329900	F01	t	t
713290302	PT. SAKURA JAVA INDONESIA	JL KAWASAN EJIP PLOT NO. 5E SUKARESMI, CIKARANG SELATAN	71329900	F01	t	t
713290367	PT. KIRANA GEMALAPIK	JL. GEMALAPIK DEKAT SUNGAI NO. 101 	71329900	F01	t	f
713290300	PT. SMAP INDONESIA	JL AKASIA 2 BLOK AE NO. 47 KAWASAN DELTA SILIKON 1  SUKARESMI, CIKARANG SELATAN	71329900	F01	t	t
\.


--
-- Data for Name: product; Type: TABLE DATA; Schema: public; Owner: postgres
--

COPY product (itemcode, itemname, itemsort, brand, jenis, category, subcategory, price, stat) FROM stdin;
FG101043	SANDWICH DUO COKLAT	SDCK 	SARI ROTI	BREAD	WHITE BREAD	SANDWICH SERIES	8000.0000	t
FG101045	SANDWICH DUO KEJU	SDKJ 	SARI ROTI	BREAD	WHITE BREAD	SANDWICH SERIES	8000.0000	t
FG101025	SANDWICH BLUEBERRY	SAB  	SARI ROTI	BREAD	WHITE BREAD	SANDWICH SERIES	4500.0000	t
FG101017	ROTI TAWAR KUPAS	RKU  	SARI ROTI	BREAD	WHITE BREAD	TAWAR SERIES	14500.0000	t
FG101009	ROTI TAWAR MINISOFT	TAMS 	SARI ROTI	BREAD	WHITE BREAD	TAWAR SERIES	12000.0000	t
FG101028	ROTI TAWAR PANDAN	RTPD 	SARI ROTI	BREAD	WHITE BREAD	TAWAR SERIES	13500.0000	t
FG101008	ROTI TAWAR DOUBLE SOFT	DOS  	SARI ROTI	BREAD	WHITE BREAD	TAWAR SERIES	18000.0000	t
FG101001	ROTI TAWAR SPESIAL	RTS  	SARI ROTI	BREAD	WHITE BREAD	TAWAR SERIES	12000.0000	t
FG803002	BAMKUHEN COKELAT	BKCK 	SARI CAKE	NON BREAD	CAKE	PANCAKE SERIES	10000.0000	t
FG101030	SANDWICH SARIKAYA MEDAN	SSM  	SARI ROTI	BREAD	WHITE BREAD	SANDWICH SERIES	4500.0000	t
FG206005	SISIR MENTEGA	RSM  	SARI ROTI	BREAD	SWEET BREAD	TEAR SERIES	10000.0000	t
FG101024	SANDWICH COKLAT	SCK  	SARI ROTI	BREAD	WHITE BREAD	SANDWICH SERIES	4500.0000	t
FG803003	BAMKUHEN BLUEBERRY	BKBL 	SARI CAKE	NON BREAD	CAKE	PANCAKE SERIES	10000.0000	t
FG206017	ROTI SISIR KUSTART RAISIN KAYUMANIS	RSKRK	SARI ROTI	BREAD	SWEET BREAD	TEAR SERIES	12000.0000	t
FG101040	ROTI JUMBO TAWAR SPESIAL	RJTS 	SARI ROTI	BREAD	WHITE BREAD	TAWAR SERIES	15000.0000	t
FG201016	ROTI MINI ISI COKLAT KEJU	MICC 	SARI ROTI	BREAD	SWEET BREAD	BUN SERIES	4000.0000	t
FG201004	ISI KEJU	IKJ  	SARI ROTI	BREAD	SWEET BREAD	BUN SERIES	6500.0000	t
FG802002	KASTELLA ORIGINAL MEDIUM	KAOM 	SARI ROTI	NON BREAD	CAKE	PANCAKE SERIES	100000.0000	t
FG201002	ISI STRAWBERRY	IST  	SARI ROTI	BREAD	SWEET BREAD	BUN SERIES	6000.0000	t
FG802003	KASTELLA ORIGINAL FAMILY	KAOF 	SARI ROTI	NON BREAD	CAKE	PANCAKE SERIES	250000.0000	t
FG201010	ROTI MINI ISI COKLAT	MICK 	SARI ROTI	BREAD	SWEET BREAD	BUN SERIES	4000.0000	t
FG201014	ROTI MINI ISI KEJU	MIKJ 	SARI ROTI	BREAD	SWEET BREAD	BUN SERIES	4000.0000	t
FG101013	ROTI TAWAR CHOCO CHIP	RCC  	SARI ROTI	BREAD	WHITE BREAD	TAWAR SERIES	15000.0000	t
FG201011	ROTI MINI ISI STROBERI	MIST 	SARI ROTI	BREAD	SWEET BREAD	BUN SERIES	4000.0000	t
FG201030	ROTI MINI ISI PISANG COKELAT	MIPC 	SARI ROTI	BREAD	SWEET BREAD	BUN SERIES	4000.0000	t
FG201013	ROTI MINI ISI SARIKAYA	MISK 	SARI ROTI	BREAD	SWEET BREAD	BUN SERIES	4000.0000	t
FG201003	ISI SARIKAYA	ISK  	SARI ROTI	BREAD	SWEET BREAD	BUN SERIES	6000.0000	t
FG201001	ISI COKLAT	ICK  	SARI ROTI	BREAD	SWEET BREAD	BUN SERIES	6000.0000	t
FG201020	ISI COKLAT KEJU	ICC  	SARI ROTI	BREAD	SWEET BREAD	BUN SERIES	6000.0000	t
FG101034	ROTI SANDWICH MARGARIN GULA	SMG  	SARI ROTI	BREAD	WHITE BREAD	SANDWICH SERIES	4500.0000	t
FG203011	KRIM KEJU	SCC  	SARI ROTI	BREAD	SWEET BREAD	SANDROLL SERIES	4500.0000	t
FG803001	LAPIS BAMKUHEN ORIGINAL	BKOR 	SARI CAKE	NON BREAD	CAKE	PANCAKE SERIES	10000.0000	t
FG203002	KRIM MOCCA	SRM  	SARI ROTI	BREAD	SWEET BREAD	SANDROLL SERIES	4500.0000	t
FG802001	LAPIS KASTELA ORIGINAL	KAOR 	SARI CAKE	NON BREAD	CAKE	PANCAKE SERIES	10000.0000	t
FG201007	ROTI ISI PISANG COKELAT (72GR)	IPC72	SARI ROTI	BREAD	SWEET BREAD	BUN SERIES	6500.0000	t
FG101039	ROTI JUMBO TAWAR KUPAS	RJKU 	SARI ROTI	BREAD	WHITE BREAD	TAWAR SERIES	18000.0000	t
FG204002	DORAYAKI ISI STRAWBERRY	DIS  	SARI CAKE	NON BREAD	CAKE	PANCAKE SERIES	5000.0000	t
FG201022	ISI BEEF BARBEQUE	IBQ  	SARI ROTI	BREAD	SWEET BREAD	BUN SERIES	7500.0000	t
FG201021	ISI CHICKEN TERIYAKI	ICT  	SARI ROTI	BREAD	SWEET BREAD	BUN SERIES	7500.0000	t
FG206018	SOBEK DUO COKELAT	TODC 	SARI ROTI	BREAD	SWEET BREAD	TEAR SERIES	8000.0000	t
FG206001	SOBEK COKLAT SARIKAYA	TCS  	SARI ROTI	BREAD	SWEET BREAD	TEAR SERIES	15000.0000	t
FG206008	SOBEK COKLAT STRAWBERRY	TST  	SARI ROTI	BREAD	SWEET BREAD	TEAR SERIES	15000.0000	t
FG206004	SOBEK COKLAT	TOC  	SARI ROTI	BREAD	SWEET BREAD	TEAR SERIES	15000.0000	t
FG203001	KRIM COKLAT	SRC  	SARI ROTI	BREAD	SWEET BREAD	SANDROLL SERIES	4500.0000	t
FG206019	SOBEK DUO COKELAT KEJU	TDCC 	SARI ROTI	BREAD	SWEET BREAD	TEAR SERIES	8000.0000	t
FG801002	CHIFFON CAKE COKLAT	CCC  	SARI ROTI	NON BREAD	CAKE	CHIFFON SERIES	4000.0000	t
FG801004	CHIFFON CAKE STRAWBERRY	CCS  	SARI ROTI	NON BREAD	CAKE	CHIFFON SERIES	4000.0000	t
FG204001	DORAYAKI ISI COKLAT	DIC  	SARI CAKE	NON BREAD	CAKE	PANCAKE SERIES	5000.0000	t
FG204003	DORAYAKI SELAI SARIKAYA PANDAN	DIP  	SARI ROTI	NON BREAD	CAKE	PANCAKE SERIES	5000.0000	t
FG203008	KRIM COKLAT VANILLA	SCV  	SARI ROTI	BREAD	SWEET BREAD	SANDROLL SERIES	4500.0000	t
FG206007	KASUR KEJU	RKJ  	SARI ROTI	BREAD	SWEET BREAD	TEAR SERIES	15000.0000	t
FG101007	ROTI TAWAR GANDUM	RTG  	SARI ROTI	BREAD	WHITE BREAD	TAWAR SERIES	18000.0000	t
FG803004	BAMKUHEN STROBERI	BKST 	SARI CAKE	NON BREAD	CAKE	PANCAKE SERIES	10000.0000	t
FG203016	ROTI ISI KRIM KAPUCINO	SRK  	SARI ROTI	BREAD	SWEET BREAD	SANDROLL SERIES	4500.0000	t
FG203017	ROTI ISI KRIM TIRAMISU	SRT  	SARI ROTI	BREAD	SWEET BREAD	SANDROLL SERIES	4500.0000	t
FG101026	SANDWICH KRIM KACANG	SAP  	SARI ROTI	BREAD	WHITE BREAD	SANDWICH SERIES	4500.0000	t
FG101027	SANDWICH KRIM KEJU	SKJ  	SARI ROTI	BREAD	WHITE BREAD	SANDWICH SERIES	4500.0000	t
FG803005	BAMKUHEN MATCHA	BKMA 	SARI CAKE	NON BREAD	CAKE	PANCAKE SERIES	10000.0000	t
FG801003	CHIFFON CAKE PANDAN	CCP  	SARI ROTI	NON BREAD	CAKE	CHIFFON SERIES	4000.0000	t
FG207002	BURGER BUN	BUR  	SARI ROTI	BREAD	SWEET BREAD	BUN SERIES	10000.0000	t
FG206003	SOBEK COKLAT KEJU	TCC  	SARI ROTI	BREAD	SWEET BREAD	TEAR SERIES	15500.0000	t
\.


--
-- Data for Name: salesman; Type: TABLE DATA; Schema: public; Owner: postgres
--

COPY salesman (slsmcode, slsmidnumber, slsmname, slsmaddress, slsmtelp, slsmsupv, slsmphoto, stat) FROM stdin;
\.


--
-- Data for Name: users; Type: TABLE DATA; Schema: public; Owner: postgres
--

COPY users (userid, username, password, authlevel, joineddate) FROM stdin;
0001	admin	admin	001	2018-01-24
\.


--
-- Name: df_items_detaiID; Type: CONSTRAINT; Schema: public; Owner: postgres; Tablespace: 
--

ALTER TABLE ONLY invoicedetail
    ADD CONSTRAINT "df_items_detaiID" PRIMARY KEY (itemcode, invoiceid);


--
-- Name: outlCode; Type: CONSTRAINT; Schema: public; Owner: postgres; Tablespace: 
--

ALTER TABLE ONLY outlet
    ADD CONSTRAINT "outlCode" PRIMARY KEY (outlcode);


--
-- Name: pk_invoiced; Type: CONSTRAINT; Schema: public; Owner: postgres; Tablespace: 
--

ALTER TABLE ONLY invoice
    ADD CONSTRAINT pk_invoiced PRIMARY KEY (invoiceid, nomorinvoice);


--
-- Name: pk_item; Type: CONSTRAINT; Schema: public; Owner: postgres; Tablespace: 
--

ALTER TABLE ONLY product
    ADD CONSTRAINT pk_item PRIMARY KEY (itemcode);


--
-- Name: pk_salesman; Type: CONSTRAINT; Schema: public; Owner: postgres; Tablespace: 
--

ALTER TABLE ONLY salesman
    ADD CONSTRAINT pk_salesman PRIMARY KEY (slsmcode, slsmidnumber);


--
-- Name: pk_user; Type: CONSTRAINT; Schema: public; Owner: postgres; Tablespace: 
--

ALTER TABLE ONLY users
    ADD CONSTRAINT pk_user PRIMARY KEY (userid, username);


--
-- Name: public; Type: ACL; Schema: -; Owner: postgres
--

REVOKE ALL ON SCHEMA public FROM PUBLIC;
REVOKE ALL ON SCHEMA public FROM postgres;
GRANT ALL ON SCHEMA public TO postgres;
GRANT ALL ON SCHEMA public TO PUBLIC;


--
-- PostgreSQL database dump complete
--

